"id","application_config_id","device_plt_id","dev_eui","name","description","app_key","application_id","device_profile_id","created_at","updated_at"
"004a6692-281b-42f5-ac7f-2ba13042678e","4e06c5d6-531e-4da9-adb7-5fbc78249d72","se0x-nodo04","a8404181635c2b5a","se0x-nodo04",NULL,"UNDEFINED","2e225144-f8bc-4af7-a7d4-2f4a4ee4a3ce","60be8a2e-6085-4f35-bf86-324e88a2d3c4","2025-05-14 10:10:57.886923+00","2025-05-14 10:20:11.593709+00"
"027aadef-af3b-4169-b986-56245de610e7","4628602a-df98-4022-a82c-44b8ed407391","a840414b8188cc12","a840414b8188cc12","LLMS01-16","Sensor de humedad de la hoja","da9906f884baea29361fea31db1f464f","7c13db9b-8d96-4100-8cea-6466ac631353","a4bc849e-5012-4680-ac2e-5cf6d27ee5f8","2025-10-17 07:02:21.821+00","2025-10-17 07:02:21.821+00"
"02a84a3d-9dde-4e01-9d85-e88429da7adc","e0a977df-9f11-4307-9331-ad475b280ecc","a840419a0188cc08","a840419a0188cc08","LLMS01-06","Sensor de humedad de la hoja","c266f9bed57ec37b4db8d83902e06d1d","00ba414a-ab4f-448d-9730-e188580d6b6a","1453e565-15b0-42ec-a094-6451f8be385a","2025-10-17 07:02:20.1+00","2025-10-17 07:02:20.1+00"
"03781582-11d6-4020-8e23-8b7af57804ed","e0a977df-9f11-4307-9331-ad475b280ecc","a840417271882c39","a840417271882c39","LSE01-26","Sensor de temperatura y humedad del suelo","c991b838130afba068dfefd4d1b3e160","00ba414a-ab4f-448d-9730-e188580d6b6a","cc811fb2-66e4-4ed9-86df-d6f58d152bf4","2025-10-17 07:02:26.311+00","2025-10-17 07:02:26.311+00"
"04d6b821-fbc1-4841-b51b-a326928ab25f","e0a977df-9f11-4307-9331-ad475b280ecc","a840411ac1882c29","a840411ac1882c29","LSE01-10","Sensor de temperatura y humedad del suelo","ae99e49907d55a555109c2be9b4bb08b","00ba414a-ab4f-448d-9730-e188580d6b6a","cc811fb2-66e4-4ed9-86df-d6f58d152bf4","2025-10-17 07:02:23.532+00","2025-10-17 07:02:23.532+00"
"057946a3-d9f7-4dd6-9881-86f361eff361","4628602a-df98-4022-a82c-44b8ed407391","a8404137918801a2","a8404137918801a2","LHT65N-04","Sensor de temperatura y humedad","c9b8d00b35257a7992b3efd71e01e931","7c13db9b-8d96-4100-8cea-6466ac631353","4007c211-4927-4372-ab5f-da08ffaa8692","2025-10-17 07:02:18.182+00","2025-10-17 07:02:18.182+00"
"05d8126b-829b-4dd5-b6fb-4b3f85b40126","e0a977df-9f11-4307-9331-ad475b280ecc","a84041455187e64a","a84041455187e64a","LLMS01-03","Sensor de humedad de la hoja","0968dae46e114db9c17bab74ffd3c4b8","00ba414a-ab4f-448d-9730-e188580d6b6a","1453e565-15b0-42ec-a094-6451f8be385a","2025-10-17 07:02:19.555+00","2025-10-17 07:02:19.555+00"
"0949d528-57e6-4ba6-aa8c-debb0998feab","2cb563d2-bf49-4cae-b74f-45ca057a998e","2856757_3","2856757000000003","solo3-evora",NULL,"UNDEFINED","fd5d0bdf-8727-438c-af06-b6c3a7fdc261","9ee91d6b-a404-4577-8128-366c8a4b324a","2025-10-10 07:28:52.104252+00","2025-10-10 07:28:52.104252+00"
"097096b9-3e15-4559-8566-27c02475929f","4e06c5d6-531e-4da9-adb7-5fbc78249d72","sector18-sw3l","a84041e288592353","sector18-sw3l",NULL,"UNDEFINED","2e225144-f8bc-4af7-a7d4-2f4a4ee4a3ce","810e5cd0-8f58-457f-b9f2-3d2316aa5ce2","2024-11-28 08:46:21.819621+00","2024-11-28 11:31:36.268591+00"
"09e24015-6ae7-47bd-b6dd-7680b4bc436a","14756eae-628d-4b56-bb42-38c8e21db7fe","dragino-ltc2-device","a8404196bc59bb3b","dragino-ltc2-device","Sensor de temperatura","UNDEFINED","8069c292-977a-46ae-82f9-7eea2532f833","7024f9ce-6c2a-4db1-9e80-37291e99a915","2024-10-21 10:29:45.536157+00","2024-10-21 10:33:06.936362+00"
"0d82fb0b-ee7f-42b3-a4b0-8c5754de2af9","2cb563d2-bf49-4cae-b74f-45ca057a998e","2856757_2","2856757000000002","solo2-evora",NULL,"UNDEFINED","fd5d0bdf-8727-438c-af06-b6c3a7fdc261","9ee91d6b-a404-4577-8128-366c8a4b324a","2025-10-10 07:28:52.104252+00","2025-10-10 07:28:52.104252+00"
"0eba302c-93ee-4a3a-a59b-f30669a9d6c8","e0a977df-9f11-4307-9331-ad475b280ecc","a84041c7f1882c3c","a84041c7f1882c3c","LSE01-29","Sensor de temperatura y humedad del suelo","b585bca6985b377491d28f12613d3481","00ba414a-ab4f-448d-9730-e188580d6b6a","cc811fb2-66e4-4ed9-86df-d6f58d152bf4","2025-10-17 07:02:26.826+00","2025-10-17 07:02:26.826+00"
"0f17d050-838c-4067-bdd8-a7645dd101f1","4e06c5d6-531e-4da9-adb7-5fbc78249d72","sector22-sw3l","a84041b7a4592355","sector22-sw3l",NULL,"UNDEFINED","2e225144-f8bc-4af7-a7d4-2f4a4ee4a3ce","810e5cd0-8f58-457f-b9f2-3d2316aa5ce2","2024-11-28 08:46:24.691403+00","2024-11-28 11:33:45.999171+00"
"11635c7b-5659-490e-ac1d-81012c122e34","6fd39815-5324-4bcb-b61e-cb41cb129674","a8404199d187e646","a8404199d187e646","LSE01-09","Sensor de temperatura y humedad del suelo","b30a572d5771b1f720b146511967ae7d","bb57ca71-27ad-4506-833f-5639986f2345","7b8b718a-e9f6-4882-93f8-0c34cd6d1981","2025-10-17 07:02:23.358+00","2025-10-17 07:02:23.358+00"
"1267a906-6a54-4ca0-a9c6-fedb55c6d918","6fd39815-5324-4bcb-b61e-cb41cb129674","a84041231188cc09","a84041231188cc09","LLMS01-07","Sensor de humedad de la hoja","6f0f07eea022b2801ad9bb9acd4157d4","bb57ca71-27ad-4506-833f-5639986f2345","ace52838-8ef1-41e1-abda-7f8433dc9014","2025-10-17 07:02:20.271+00","2025-10-17 07:02:20.271+00"
"131ebe9d-e1e9-4812-a18a-ed9447d8e9e7","e0a977df-9f11-4307-9331-ad475b280ecc","a8404133f1882c40","a8404133f1882c40","LSE01-33","Sensor de temperatura y humedad del suelo","e4ce24fd98b2acfc514a055201c04cd8","00ba414a-ab4f-448d-9730-e188580d6b6a","cc811fb2-66e4-4ed9-86df-d6f58d152bf4","2025-10-17 07:02:27.51+00","2025-10-17 07:02:27.51+00"
"135b7b61-93fd-4fd2-b695-f456cd254be8","fd80885d-9cd9-40c8-9e1c-78dcb218a3e8","a84041dc8759c45c","a84041dc8759c45c","TrackerD-01","GPS Tracker","8e47c1a29ee1b6fedca2636d2d981597","6194aab3-0730-4558-b5d6-64c56a0012a1","8671622c-d8f7-4cda-939c-6cc0a01ce021","2026-02-02 08:38:10.883+00","2026-02-02 08:38:10.883+00"
"1481122a-f0c0-4f4f-9800-0ce7d51e3eac","4e06c5d6-531e-4da9-adb7-5fbc78249d72","sector24-sw3l","a840413d5f592350","sector24-sw3l",NULL,"UNDEFINED","2e225144-f8bc-4af7-a7d4-2f4a4ee4a3ce","810e5cd0-8f58-457f-b9f2-3d2316aa5ce2","2024-11-28 08:46:26.122951+00","2024-11-28 11:34:43.408208+00"
"178e1eaa-6c06-4627-8339-347468a70cad","4e06c5d6-531e-4da9-adb7-5fbc78249d72","sector19-sw3l","a840418cd8592354","sector19-sw3l",NULL,"UNDEFINED","2e225144-f8bc-4af7-a7d4-2f4a4ee4a3ce","810e5cd0-8f58-457f-b9f2-3d2316aa5ce2","2024-11-28 08:46:22.568577+00","2024-11-28 11:31:55.94259+00"
"19c9150d-2582-4354-b05c-1f477e413728","6fd39815-5324-4bcb-b61e-cb41cb129674","a84041d6f187e645","a84041d6f187e645","LSE01-08","Sensor de temperatura y humedad del suelo","9dcc6341e8a33a1fd3b8f6484079b248","bb57ca71-27ad-4506-833f-5639986f2345","7b8b718a-e9f6-4882-93f8-0c34cd6d1981","2025-10-17 07:02:23.183+00","2025-10-17 07:02:23.183+00"
"1d82b439-f644-4aed-9b1f-e717318d820c","4e06c5d6-531e-4da9-adb7-5fbc78249d72","se0x-nodo07","a84041558f5c2b48","se0x-nodo07",NULL,"UNDEFINED","2e225144-f8bc-4af7-a7d4-2f4a4ee4a3ce","60be8a2e-6085-4f35-bf86-324e88a2d3c4","2025-05-14 10:10:59.903+00","2025-05-15 07:52:31.545264+00"
"1eb85297-1f1f-41a3-95fc-83f3ba1424c4","4e06c5d6-531e-4da9-adb7-5fbc78249d72","sector14-sw3l","a840419b35592345","sector14-sw3l",NULL,"UNDEFINED","2e225144-f8bc-4af7-a7d4-2f4a4ee4a3ce","810e5cd0-8f58-457f-b9f2-3d2316aa5ce2","2025-03-28 08:40:24.099477+00","2025-05-20 07:22:43.930034+00"
"22e3cc3e-4dae-4cdb-a136-94aa5a4dcd20","5c78b30f-c1c1-40ae-ab61-0aa65d732147","vtl3","008000000a0078dc","vtl3",NULL,"UNDEFINED","3d7829a0-6b32-44f2-9c8b-6163dc242137","219c31f4-db47-4442-be36-26f909efe9bf","2026-02-27 10:47:15.212324+00","2026-02-27 10:47:15.403117+00"
"23621db1-6f32-43ab-84aa-3560710ad51e","4e06c5d6-531e-4da9-adb7-5fbc78249d72","se0x-nodo01","a840410cc25c2b56","se0x-nodo01",NULL,"UNDEFINED","2e225144-f8bc-4af7-a7d4-2f4a4ee4a3ce","60be8a2e-6085-4f35-bf86-324e88a2d3c4","2025-07-09 09:07:49.033929+00","2025-07-11 08:01:28.003151+00"
"2640c30a-0eb4-4be1-b4e7-81a657cfb273","2cb563d2-bf49-4cae-b74f-45ca057a998e","2856757_1","2856757000000001","solo1-evora",NULL,"UNDEFINED","fd5d0bdf-8727-438c-af06-b6c3a7fdc261","9ee91d6b-a404-4577-8128-366c8a4b324a","2025-10-10 07:28:52.104252+00","2025-10-10 07:28:52.104252+00"
"26718918-27b8-4bbd-a661-2a69792ea326","4e06c5d6-531e-4da9-adb7-5fbc78249d72","sector06-sw3l","a840413936592352","sector06-sw3l",NULL,"UNDEFINED","2e225144-f8bc-4af7-a7d4-2f4a4ee4a3ce","810e5cd0-8f58-457f-b9f2-3d2316aa5ce2","2024-11-27 10:45:56.344625+00","2024-11-27 10:59:06.109152+00"
"2752089f-051c-4e85-ab13-2013333c2b2b","5c78b30f-c1c1-40ae-ab61-0aa65d732147","vtl6","008000000a0078b0","vtl6",NULL,"UNDEFINED","3d7829a0-6b32-44f2-9c8b-6163dc242137","219c31f4-db47-4442-be36-26f909efe9bf","2026-02-27 10:47:43.942392+00","2026-02-27 10:47:44.154039+00"
"28cb6dc3-229d-43e0-b669-91a15b570fa7","2cb563d2-bf49-4cae-b74f-45ca057a998e","2876673_5","2876673000000005","meteo-elvas",NULL,"UNDEFINED","fd5d0bdf-8727-438c-af06-b6c3a7fdc261","4a5f9e75-37c6-4e05-9652-34587c3029a8","2025-10-10 07:10:09.616365+00","2025-10-10 07:10:09.616365+00"
"2d820494-4c2f-40e9-a8ae-0f3c9594dcaa","2cb563d2-bf49-4cae-b74f-45ca057a998e","2856757_5","2856757000000005","solo5-evora",NULL,"UNDEFINED","fd5d0bdf-8727-438c-af06-b6c3a7fdc261","9ee91d6b-a404-4577-8128-366c8a4b324a","2025-10-10 07:28:52.104252+00","2025-10-10 07:28:52.104252+00"
"2eb65ef7-76fc-4b44-b58d-469884ef1fe4","2cb563d2-bf49-4cae-b74f-45ca057a998e","2856757_7","2856757000000007","meteo-evora",NULL,"UNDEFINED","fd5d0bdf-8727-438c-af06-b6c3a7fdc261","4a5f9e75-37c6-4e05-9652-34587c3029a8","2025-10-10 07:28:52.104252+00","2025-10-10 07:28:52.104252+00"
"2f4e6f97-7791-47bd-ab0d-0c838e067723","6fd39815-5324-4bcb-b61e-cb41cb129674","a84041c091882c2e","a84041c091882c2e","LSE01-15","Sensor de temperatura y humedad del suelo","64d6d51bc3bed6bf563da2055d9c08e7","bb57ca71-27ad-4506-833f-5639986f2345","7b8b718a-e9f6-4882-93f8-0c34cd6d1981","2025-10-17 07:02:24.383+00","2025-10-17 07:02:24.383+00"
"32d92759-ce0e-4aad-9cb6-941e42ae672b","4e06c5d6-531e-4da9-adb7-5fbc78249d72","sector16-sw3l","a84041e9c559234e","sector16-sw3l",NULL,"UNDEFINED","2e225144-f8bc-4af7-a7d4-2f4a4ee4a3ce","810e5cd0-8f58-457f-b9f2-3d2316aa5ce2","2024-11-28 08:46:20.390923+00","2024-11-28 11:27:12.809626+00"
"359a75e1-ba53-411e-90fd-5f7e0163850d","5c78b30f-c1c1-40ae-ab61-0aa65d732147","vtl8","008000000a0078bd","vtl8",NULL,"UNDEFINED","3d7829a0-6b32-44f2-9c8b-6163dc242137","219c31f4-db47-4442-be36-26f909efe9bf","2026-02-27 10:48:00.854201+00","2026-02-27 10:48:01.043066+00"
"35d13c0b-4ebc-48d1-a8a4-8b1fc3d9a2f5","2cb563d2-bf49-4cae-b74f-45ca057a998e","2876673_8","2876673000000008","meteo-doisportos",NULL,"UNDEFINED","fd5d0bdf-8727-438c-af06-b6c3a7fdc261","4a5f9e75-37c6-4e05-9652-34587c3029a8","2025-10-10 07:10:09.616365+00","2025-10-10 07:10:09.616365+00"
"3ac00141-094e-4259-8c56-0f4b4513d405","2cb563d2-bf49-4cae-b74f-45ca057a998e","2856757_4","2856757000000004","solo4-evora",NULL,"UNDEFINED","fd5d0bdf-8727-438c-af06-b6c3a7fdc261","9ee91d6b-a404-4577-8128-366c8a4b324a","2025-10-10 07:28:52.104252+00","2025-10-10 07:28:52.104252+00"
"3b0ad3d1-fc52-4a7f-b8a8-cd83a05142c6","6fd39815-5324-4bcb-b61e-cb41cb129674","a84041c25187e644","a84041c25187e644","LSE01-07","Sensor de temperatura y humedad del suelo","30be65ae1a96775286d4ce967713e915","bb57ca71-27ad-4506-833f-5639986f2345","7b8b718a-e9f6-4882-93f8-0c34cd6d1981","2025-10-17 07:02:23.013+00","2025-10-17 07:02:23.013+00"
"3ce379cb-20a6-4f67-b097-8ae3f2625e5e","4e06c5d6-531e-4da9-adb7-5fbc78249d72","sector08-sw3l","a8404114ca59234b","sector08-sw3l",NULL,"UNDEFINED","2e225144-f8bc-4af7-a7d4-2f4a4ee4a3ce","810e5cd0-8f58-457f-b9f2-3d2316aa5ce2","2024-11-27 13:38:07.062563+00","2024-11-27 13:38:41.342192+00"
"3f7b465a-8ea6-422f-889e-924c4fd98609","e0a977df-9f11-4307-9331-ad475b280ecc","a840418421882c43","a840418421882c43","LSE01-36","Sensor de temperatura y humedad del suelo","e66a82bff63b2c221b8b184c618e0b94","00ba414a-ab4f-448d-9730-e188580d6b6a","cc811fb2-66e4-4ed9-86df-d6f58d152bf4","2025-10-17 07:02:28.042+00","2025-10-17 07:02:28.042+00"
"409534e5-f297-4332-a2cc-424a6d91865f","e0a977df-9f11-4307-9331-ad475b280ecc","a840414bf1882c3a","a840414bf1882c3a","LSE01-27","Sensor de temperatura y humedad del suelo","4c7bbedf5f987aa29e8d6c9004c20383","00ba414a-ab4f-448d-9730-e188580d6b6a","cc811fb2-66e4-4ed9-86df-d6f58d152bf4","2025-10-17 07:02:26.481+00","2025-10-17 07:02:26.481+00"
"4163d97a-c88b-45b8-9048-8c5762254bcb","3501e49b-3230-4d0f-bbf7-9780ed4e9c46","solo4","a8610a3339187b11","solo4",NULL,"UNDEFINED","6382a6e8-da9d-42ce-85b8-0d5cd82d0a07","7ac04293-8ea3-4e93-8809-6ab1a8b29ad8","2025-03-17 14:18:11.706228+00","2025-03-17 14:18:54.862837+00"
"418bdb66-ae27-49c1-9d34-bfcee853f26f","2cb563d2-bf49-4cae-b74f-45ca057a998e","2876673_7","2876673000000007","solo-pasto-elvas-2",NULL,"UNDEFINED","fd5d0bdf-8727-438c-af06-b6c3a7fdc261","fc6b5d4a-56ee-48e2-a291-72b13bd42667","2025-10-10 07:10:09.616365+00","2025-10-10 07:10:09.616365+00"
"42fc30f6-8b8f-4dd0-82e2-9d78c420a916","3501e49b-3230-4d0f-bbf7-9780ed4e9c46","solo6-2","a8610a3432358d09","solo6-2",NULL,"UNDEFINED","6382a6e8-da9d-42ce-85b8-0d5cd82d0a07","7ac04293-8ea3-4e93-8809-6ab1a8b29ad8","2025-03-25 09:44:28.847813+00","2025-03-25 09:45:15.137875+00"
"44ffd05a-d1f6-4e82-92a8-28e44cafe1ee","fd80885d-9cd9-40c8-9e1c-78dcb218a3e8","2cf7f1c0443002c2","2cf7f1c0443002c2","S2120-01","Estación meteorológica de temperatura del aire, humedad, velocidad/dirección del viento, precipitaciones, intensidad de la luz, índice UV y presión barométrica","72c1fbdd76f0fb573ce500b17e13ba7e","6194aab3-0730-4558-b5d6-64c56a0012a1","225fce32-941f-48e8-885b-c5b8b6ab8118","2025-10-17 07:02:29.744+00","2025-10-17 07:02:29.744+00"
"4603812d-023e-483a-b2c0-19e48aa5a7f6","6fd39815-5324-4bcb-b61e-cb41cb129674","cc0de7000000cc90","cc0de7000000cc90","S1-08","Contador de agua de chorro único","2b02aaf6bc3c3e441c80889fc24872e4","bb57ca71-27ad-4506-833f-5639986f2345","dee971a8-447d-405b-8b42-8030937b3ac9","2025-10-17 07:02:29.403+00","2025-10-17 07:02:29.403+00"
"472d6ba3-b1ce-4fc5-9588-57b2c06a1efc","4628602a-df98-4022-a82c-44b8ed407391","a8404155d188cc0b","a8404155d188cc0b","LLMS01-09","Sensor de humedad de la hoja","632cab4634793f1c6280a9384a83c9a4","7c13db9b-8d96-4100-8cea-6466ac631353","a4bc849e-5012-4680-ac2e-5cf6d27ee5f8","2025-10-17 07:02:20.613+00","2025-10-17 07:02:20.613+00"
"4e71a133-7727-4482-b358-30c70077cdd6","4628602a-df98-4022-a82c-44b8ed407391","a84041ccf18801a7","a84041ccf18801a7","LHT65N-05","Sensor de temperatura y humedad","d4d909a0d685f41bc93ec8175d3269b0","7c13db9b-8d96-4100-8cea-6466ac631353","4007c211-4927-4372-ab5f-da08ffaa8692","2025-10-17 07:02:18.357+00","2025-10-17 07:02:18.357+00"
"50a71b17-d57c-4da2-b903-7d409988f047","6fd39815-5324-4bcb-b61e-cb41cb129674","a84041a04187e642","a84041a04187e642","LSE01-05","Sensor de temperatura y humedad del suelo","42c4fa35c0d4f3b3d12db4b04686bec6","bb57ca71-27ad-4506-833f-5639986f2345","7b8b718a-e9f6-4882-93f8-0c34cd6d1981","2025-10-17 07:02:22.668+00","2025-10-17 07:02:22.668+00"
"55ff8b18-6b98-43ad-a803-cad5f4763ee3","3501e49b-3230-4d0f-bbf7-9780ed4e9c46","solo3","a8610a3339287c11","solo3",NULL,"UNDEFINED","6382a6e8-da9d-42ce-85b8-0d5cd82d0a07","7ac04293-8ea3-4e93-8809-6ab1a8b29ad8","2025-03-17 14:15:29.223889+00","2025-03-17 14:16:26.87097+00"
"56d09177-3294-441f-a54e-043c1430912e","d2e7df2d-8b35-4ffa-bfba-47d5b965e050","sen-001","2cf7f1c061300637","sen-001",NULL,"UNDEFINED","f65560ac-0be5-40cb-b584-b65fb70a7574","915c9962-9058-4b82-b885-24cbe93e2772","2025-07-25 07:06:26.728543+00","2025-07-25 07:06:44.359383+00"
"585aa3ba-103d-444e-9c89-463fd7fa1039","5c78b30f-c1c1-40ae-ab61-0aa65d732147","vtl9","008000000a0078d4","vtl9",NULL,"UNDEFINED","3d7829a0-6b32-44f2-9c8b-6163dc242137","219c31f4-db47-4442-be36-26f909efe9bf","2026-02-27 10:48:10.677117+00","2026-02-27 10:48:10.879171+00"
"58930cfa-e45f-42ce-a8d0-64ad2a9ee78b","5c78b30f-c1c1-40ae-ab61-0aa65d732147","vtl10","008000000a0078b1","vtl10",NULL,"UNDEFINED","3d7829a0-6b32-44f2-9c8b-6163dc242137","219c31f4-db47-4442-be36-26f909efe9bf","2026-02-27 10:48:53.016017+00","2026-02-27 10:48:53.221563+00"
"58c799d1-2150-44bf-9e08-ad5eb17cae0d","4e06c5d6-531e-4da9-adb7-5fbc78249d72","se0x-nodo09","a8404152595c2b54","se0x-nodo09",NULL,"UNDEFINED","2e225144-f8bc-4af7-a7d4-2f4a4ee4a3ce","60be8a2e-6085-4f35-bf86-324e88a2d3c4","2025-05-14 10:11:01.486758+00","2025-05-15 08:18:29.780522+00"
"5b9e301e-403c-4dfe-b8e3-c981494318aa","4e06c5d6-531e-4da9-adb7-5fbc78249d72","sector11-sw3l","a840410216592340","sector11-sw3l",NULL,"UNDEFINED","2e225144-f8bc-4af7-a7d4-2f4a4ee4a3ce","810e5cd0-8f58-457f-b9f2-3d2316aa5ce2","2024-11-28 08:46:17.295964+00","2024-11-28 11:22:31.19436+00"
"5c31309b-bbe8-4a59-b097-7c1867e019d0","e0a977df-9f11-4307-9331-ad475b280ecc","a8404146918802e7","a8404146918802e7","LHT65N-08","Sensor de temperatura y humedad","3fbc4ef05ba0220803ee15410136a3c9","00ba414a-ab4f-448d-9730-e188580d6b6a","0c5e9e94-8118-47e9-bec0-658cfc52359a","2025-10-17 07:02:18.87+00","2025-10-17 07:02:18.87+00"
"603a907b-358a-4a6b-8b69-ab2d39cd8922","4e06c5d6-531e-4da9-adb7-5fbc78249d72","sector09-sw3l","a84041b018592342","sector09-sw3l",NULL,"UNDEFINED","2e225144-f8bc-4af7-a7d4-2f4a4ee4a3ce","810e5cd0-8f58-457f-b9f2-3d2316aa5ce2","2024-11-28 08:46:15.851285+00","2024-11-28 09:55:50.258092+00"
"62241be6-b9a2-45aa-b693-2a8e5c4720d7","4e06c5d6-531e-4da9-adb7-5fbc78249d72","se0x-nodo10","a840413e835c2b55","se0x-nodo10",NULL,"UNDEFINED","2e225144-f8bc-4af7-a7d4-2f4a4ee4a3ce","60be8a2e-6085-4f35-bf86-324e88a2d3c4","2025-05-14 10:11:02.177338+00","2025-05-15 08:26:48.717751+00"
"6279a692-aa59-4277-944a-92263096c687","5c78b30f-c1c1-40ae-ab61-0aa65d732147","vtl5","008000000a0078ab","vtl5",NULL,"UNDEFINED","3d7829a0-6b32-44f2-9c8b-6163dc242137","219c31f4-db47-4442-be36-26f909efe9bf","2026-02-27 10:47:33.711948+00","2026-02-27 10:47:33.938009+00"
"6cdaaf18-ddca-4093-9ab0-b5ce10bacf2b","2cb563d2-bf49-4cae-b74f-45ca057a998e","2876673_2","2876673000000002","solo2-elvas",NULL,"UNDEFINED","fd5d0bdf-8727-438c-af06-b6c3a7fdc261","9ee91d6b-a404-4577-8128-366c8a4b324a","2025-10-10 07:10:09.616365+00","2025-10-10 07:10:09.616365+00"
"6d825e0a-eb04-4c40-a3a9-fbdb7b46ce1e","e0a977df-9f11-4307-9331-ad475b280ecc","a840419d41882c36","a840419d41882c36","LSE01-23","Sensor de temperatura y humedad del suelo","9b18692852054e30bfc701538896ed93","00ba414a-ab4f-448d-9730-e188580d6b6a","cc811fb2-66e4-4ed9-86df-d6f58d152bf4","2025-10-17 07:02:25.79+00","2025-10-17 07:02:25.79+00"
"6f60500e-44a6-498d-8ab4-e9d501ace683","4e06c5d6-531e-4da9-adb7-5fbc78249d72","se0x-nodo06","a84041eb985c2b4a","se0x-nodo06",NULL,"UNDEFINED","2e225144-f8bc-4af7-a7d4-2f4a4ee4a3ce","60be8a2e-6085-4f35-bf86-324e88a2d3c4","2025-05-14 10:10:59.249807+00","2025-05-15 07:30:22.340245+00"
"706a755c-98ff-4b0c-9079-3924ffd77164","e0a977df-9f11-4307-9331-ad475b280ecc","a84041bdb1882c3d","a84041bdb1882c3d","LSE01-30","Sensor de temperatura y humedad del suelo","05ed265ade37e311cf344c74b16f2493","00ba414a-ab4f-448d-9730-e188580d6b6a","cc811fb2-66e4-4ed9-86df-d6f58d152bf4","2025-10-17 07:02:26.996+00","2025-10-17 07:02:26.996+00"
"707e60c5-a310-46f4-8b77-d133669c1d6a","3501e49b-3230-4d0f-bbf7-9780ed4e9c46","solo1","a8610a33384c6c12","solo1",NULL,"UNDEFINED","6382a6e8-da9d-42ce-85b8-0d5cd82d0a07","7ac04293-8ea3-4e93-8809-6ab1a8b29ad8","2025-03-17 14:09:10.788271+00","2025-03-17 14:10:47.682781+00"
"726146d4-8c4b-4dde-8a8e-823c86ca86b2","4e06c5d6-531e-4da9-adb7-5fbc78249d72","sector23-sw3l","a84041f243592349","sector23-sw3l",NULL,"UNDEFINED","2e225144-f8bc-4af7-a7d4-2f4a4ee4a3ce","810e5cd0-8f58-457f-b9f2-3d2316aa5ce2","2024-11-28 08:46:25.403158+00","2024-11-28 11:35:10.622616+00"
"73b6df64-b12e-4683-b5fd-82e645f6bd5f","5c78b30f-c1c1-40ae-ab61-0aa65d732147","vtl7","008000000a0078b4","vtl7",NULL,"UNDEFINED","3d7829a0-6b32-44f2-9c8b-6163dc242137","219c31f4-db47-4442-be36-26f909efe9bf","2026-02-27 10:47:52.975225+00","2026-02-27 10:47:53.176607+00"
"75cef42c-c322-4c49-b06c-e3ea9802f4f7","14756eae-628d-4b56-bb42-38c8e21db7fe","dragino-lht65n","a840415bd189f47a","dragino-lht65n","Sensor de temperatura y humedad","UNDEFINED","8069c292-977a-46ae-82f9-7eea2532f833","2b6eaae0-8621-4dd1-b806-dab96d175778","2025-03-11 08:58:20.468752+00","2025-03-11 09:05:55.088738+00"
"7625a53b-d8e1-407d-8a84-f627be8c8a9e","2cb563d2-bf49-4cae-b74f-45ca057a998e","2876673_3","2876673000000003","solo3-elvas",NULL,"UNDEFINED","fd5d0bdf-8727-438c-af06-b6c3a7fdc261","9ee91d6b-a404-4577-8128-366c8a4b324a","2025-10-10 07:10:09.616365+00","2025-10-10 07:10:09.616365+00"
"772f4e7e-2278-4001-a766-1758c4f9889a","e0a977df-9f11-4307-9331-ad475b280ecc","a840414531882c3b","a840414531882c3b","LSE01-28","Sensor de temperatura y humedad del suelo","87b09182a625fd708617fa25178141fd","00ba414a-ab4f-448d-9730-e188580d6b6a","cc811fb2-66e4-4ed9-86df-d6f58d152bf4","2025-10-17 07:02:26.653+00","2025-10-17 07:02:26.653+00"
"782bc54e-8ebd-4b46-8203-85b22e5c43d8","6fd39815-5324-4bcb-b61e-cb41cb129674","a840410c3188cc11","a840410c3188cc11","LLMS01-15","Sensor de humedad de la hoja","9f83059197adfa195aa7198d5089c721","bb57ca71-27ad-4506-833f-5639986f2345","ace52838-8ef1-41e1-abda-7f8433dc9014","2025-10-17 07:02:21.653+00","2025-10-17 07:02:21.653+00"
"7858e334-0671-4c77-9232-8be27ba727cf","4e06c5d6-531e-4da9-adb7-5fbc78249d72","sector02-sw3l","a84041520059234d","sector02-sw3l",NULL,"UNDEFINED","2e225144-f8bc-4af7-a7d4-2f4a4ee4a3ce","810e5cd0-8f58-457f-b9f2-3d2316aa5ce2","2024-11-27 10:20:04.969228+00","2024-11-27 11:00:26.898724+00"
"786a8b47-79ca-4397-b018-0e119825ce2f","6fd39815-5324-4bcb-b61e-cb41cb129674","a840419b3188cc0c","a840419b3188cc0c","LLMS01-10","Sensor de humedad de la hoja","12bbaa363302d46f78e45fc1235f5f9a","bb57ca71-27ad-4506-833f-5639986f2345","ace52838-8ef1-41e1-abda-7f8433dc9014","2025-10-17 07:02:20.783+00","2025-10-17 07:02:20.783+00"
"78ce42b4-06c5-4086-bb3c-46b2caf0ac7a","4e06c5d6-531e-4da9-adb7-5fbc78249d72","sector04-sw3l","a840413507592347","sector04-sw3l",NULL,"UNDEFINED","2e225144-f8bc-4af7-a7d4-2f4a4ee4a3ce","810e5cd0-8f58-457f-b9f2-3d2316aa5ce2","2024-11-27 10:20:06.384457+00","2024-11-27 10:58:06.412328+00"
"795f26dd-c4ba-4b62-9e5c-498a721f1069","e0a977df-9f11-4307-9331-ad475b280ecc","a840414ab1882c35","a840414ab1882c35","LSE01-22","Sensor de temperatura y humedad del suelo","5f818d2275fddbfa1dc3d4d11dd562f3","00ba414a-ab4f-448d-9730-e188580d6b6a","cc811fb2-66e4-4ed9-86df-d6f58d152bf4","2025-10-17 07:02:25.62+00","2025-10-17 07:02:25.62+00"
"79e7255d-fc12-4121-95f6-3f10755ca7fe","4e06c5d6-531e-4da9-adb7-5fbc78249d72","sector20-sw3l","a840414ba3592343","sector20-sw3l",NULL,"UNDEFINED","2e225144-f8bc-4af7-a7d4-2f4a4ee4a3ce","810e5cd0-8f58-457f-b9f2-3d2316aa5ce2","2024-11-28 08:46:23.28088+00","2024-11-28 11:32:23.570354+00"
"7ae7ba27-0b58-4c41-b92a-203853ddc691","e0a977df-9f11-4307-9331-ad475b280ecc","a8404174618802e3","a8404174618802e3","LHT65N-06","Sensor de temperatura y humedad","52abbfb2f760248f70881c95916da468","00ba414a-ab4f-448d-9730-e188580d6b6a","0c5e9e94-8118-47e9-bec0-658cfc52359a","2025-10-17 07:02:18.53+00","2025-10-17 07:02:18.53+00"
"7cb2475f-3c25-4234-a419-be581037253c","e0a977df-9f11-4307-9331-ad475b280ecc","a840416f81882c3f","a840416f81882c3f","LSE01-32","Sensor de temperatura y humedad del suelo","cbe337ce6b890ce0f9f51c6276be207c","00ba414a-ab4f-448d-9730-e188580d6b6a","cc811fb2-66e4-4ed9-86df-d6f58d152bf4","2025-10-17 07:02:27.335+00","2025-10-17 07:02:27.335+00"
"7f1f8241-231d-4714-9910-fa493e252619","e0a977df-9f11-4307-9331-ad475b280ecc","a84041b4b1882c42","a84041b4b1882c42","LSE01-35","Sensor de temperatura y humedad del suelo","e37b1cd04f20af83c938a5d084ca8b39","00ba414a-ab4f-448d-9730-e188580d6b6a","cc811fb2-66e4-4ed9-86df-d6f58d152bf4","2025-10-17 07:02:27.859+00","2025-10-17 07:02:27.859+00"
"7fc9ead0-14dc-41ca-bd32-0dbda7c071ac","6fd39815-5324-4bcb-b61e-cb41cb129674","a8404159f1882c2c","a8404159f1882c2c","LSE01-13","Sensor de temperatura y humedad del suelo","b2915d3127e2d9c30ca132b44c95ba3e","bb57ca71-27ad-4506-833f-5639986f2345","7b8b718a-e9f6-4882-93f8-0c34cd6d1981","2025-10-17 07:02:24.043+00","2025-10-17 07:02:24.043+00"
"817f5570-b306-4f30-a0a5-fa28b1c9a88e","4e06c5d6-531e-4da9-adb7-5fbc78249d72","sector17-sw3l","a84041182a59233e","sector17-sw3l",NULL,"UNDEFINED","2e225144-f8bc-4af7-a7d4-2f4a4ee4a3ce","810e5cd0-8f58-457f-b9f2-3d2316aa5ce2","2024-11-28 08:46:21.127924+00","2024-11-28 11:38:58.488696+00"
"81ad779a-461f-4c8b-a092-627f457f9943","e0a977df-9f11-4307-9331-ad475b280ecc","a840412a91882c32","a840412a91882c32","LSE01-19","Sensor de temperatura y humedad del suelo","2fa1de76ec2dbd4febd4149581b0c847","00ba414a-ab4f-448d-9730-e188580d6b6a","cc811fb2-66e4-4ed9-86df-d6f58d152bf4","2025-10-17 07:02:25.068+00","2025-10-17 07:02:25.068+00"
"82b27ff8-0063-437a-aec8-4f7d9acfc770","fd80885d-9cd9-40c8-9e1c-78dcb218a3e8","a84041c81187e647","a84041c81187e647","LLMS01-01","Sensor de humedad de la hoja","e0634bac65e6fa324a3e730c81b45e4a","6194aab3-0730-4558-b5d6-64c56a0012a1","3dbbc397-f7c9-492d-88c5-8b0162584570","2025-10-17 07:02:19.217+00","2025-10-17 07:02:19.217+00"
"85149ee9-c823-4f04-a164-1f4e4e065663","4e06c5d6-531e-4da9-adb7-5fbc78249d72","sector13-sw3l","a8404121b059234f","sector13-sw3l",NULL,"UNDEFINED","2e225144-f8bc-4af7-a7d4-2f4a4ee4a3ce","810e5cd0-8f58-457f-b9f2-3d2316aa5ce2","2024-11-28 08:46:18.723393+00","2024-11-28 11:26:23.885862+00"
"89b688f8-745b-4166-a4eb-5b5bddd90b0f","d13fb62d-d51b-4dd6-b5ad-847cd70355b1","dragino-lht65n-default","a84041393189f477","Dragino-LHT65N",NULL,"UNDEFINED","13e0d3ea-ccf5-42e8-bf2b-6beeb39461ec","76932489-c742-40ab-8390-664ec6f97caa","2025-11-27 16:32:36.679165+00","2025-11-27 16:32:36.679165+00"
"8edca52b-7af8-4db6-8125-d3b71b26af6f","cfb399ce-3333-4815-a5e5-e0b9d6ecb158","camara-20-p0","a840414a855caa12","camara-20-p0",NULL,"UNDEFINED","2df8b3b7-9810-48f6-b62f-033e8db5899f","63a94835-7cfc-4066-9c50-0fb13921d95f","2026-02-25 10:27:30.520088+00","2026-02-25 10:28:04.675928+00"
"93aec3fd-6dda-4120-bca5-c09be96e4200","5c78b30f-c1c1-40ae-ab61-0aa65d732147","vtl4","008000000a0078c7","vtl4",NULL,"UNDEFINED","3d7829a0-6b32-44f2-9c8b-6163dc242137","219c31f4-db47-4442-be36-26f909efe9bf","2026-02-27 10:47:26.503811+00","2026-02-27 10:47:26.74664+00"
"9452fd1d-d625-40af-bd46-a5a553eab8ef","cfb399ce-3333-4815-a5e5-e0b9d6ecb158","fr2-lab","a84041a08a5caa2c","fr2-lab",NULL,"UNDEFINED","2df8b3b7-9810-48f6-b62f-033e8db5899f","63a94835-7cfc-4066-9c50-0fb13921d95f","2026-03-06 13:04:10.729957+00","2026-03-06 13:11:17.138024+00"
"97b34330-c8ab-4935-a50a-763e2b9b3f57","6fd39815-5324-4bcb-b61e-cb41cb129674","a84041e9f1882c2a","a84041e9f1882c2a","LSE01-11","Sensor de temperatura y humedad del suelo","7518e19955f36d31442a3d2de8eab1c0","bb57ca71-27ad-4506-833f-5639986f2345","7b8b718a-e9f6-4882-93f8-0c34cd6d1981","2025-10-17 07:02:23.7+00","2025-10-17 07:02:23.7+00"
"985eb237-3a3f-421b-a762-35013102a78f","6fd39815-5324-4bcb-b61e-cb41cb129674","a840418d1187e640","a840418d1187e640","LSE01-04","Sensor de temperatura y humedad del suelo","8c8ad7e08afc0d2d08cb463645fe591d","bb57ca71-27ad-4506-833f-5639986f2345","7b8b718a-e9f6-4882-93f8-0c34cd6d1981","2025-10-17 07:02:22.499+00","2025-10-17 07:02:22.499+00"
"98bcbf33-5bf2-4cfb-a333-ac4ac3f15f95","6fd39815-5324-4bcb-b61e-cb41cb129674","a84041c83188cc07","a84041c83188cc07","LLMS01-05","Sensor de humedad de la hoja","61c20e0364ea9e8cbabb3feb66940e5b","bb57ca71-27ad-4506-833f-5639986f2345","ace52838-8ef1-41e1-abda-7f8433dc9014","2025-10-17 07:02:19.93+00","2025-10-17 07:02:19.93+00"
"98f4d1cf-9754-40af-8909-e4b77d644677","6fd39815-5324-4bcb-b61e-cb41cb129674","a840413091882c2f","a840413091882c2f","LSE01-16","Sensor de temperatura y humedad del suelo","c431b3a029af48d5f9f04ef6665df4b2","bb57ca71-27ad-4506-833f-5639986f2345","7b8b718a-e9f6-4882-93f8-0c34cd6d1981","2025-10-17 07:02:24.553+00","2025-10-17 07:02:24.553+00"
"9d4ef40b-6737-4fa7-b31a-c878aeb9e581","fd80885d-9cd9-40c8-9e1c-78dcb218a3e8","a84041875187e63d","a84041875187e63d","LSE01-01","Sensor de temperatura y humedad del suelo","2ec4df551bcd0e02d70dff9a6ecda112","6194aab3-0730-4558-b5d6-64c56a0012a1","4722b918-260f-42b6-9ffb-38361ee35ea4","2025-10-17 07:02:21.992+00","2025-10-17 07:02:21.992+00"
"9efcc356-9a29-4daa-9c5b-93f0576c1dcf","e0a977df-9f11-4307-9331-ad475b280ecc","a8404169f1882c41","a8404169f1882c41","LSE01-34","Sensor de temperatura y humedad del suelo","4ac3f8f61fda620f74ccbf57616ed895","00ba414a-ab4f-448d-9730-e188580d6b6a","cc811fb2-66e4-4ed9-86df-d6f58d152bf4","2025-10-17 07:02:27.682+00","2025-10-17 07:02:27.682+00"
"a1a48a1a-f679-40dc-bead-8dc47c3f8d31","4628602a-df98-4022-a82c-44b8ed407391","a84041aa9188019a","a84041aa9188019a","LHT65N-03","Sensor de temperatura y humedad","242063db8a527f2b9f24c83e2a1ab614","7c13db9b-8d96-4100-8cea-6466ac631353","4007c211-4927-4372-ab5f-da08ffaa8692","2025-10-17 07:02:17.998+00","2025-10-17 07:02:17.998+00"
"a217d6ef-abcc-41f3-99db-01cf87881552","6fd39815-5324-4bcb-b61e-cb41cb129674","cc0de7000000cc55","cc0de7000000cc55","S1-09","Contador de agua de chorro único","aed216a6843935451ec089abb2e9bf9d","bb57ca71-27ad-4506-833f-5639986f2345","dee971a8-447d-405b-8b42-8030937b3ac9","2025-10-17 07:02:29.573+00","2025-10-17 07:02:29.573+00"
"a342970d-fe4c-4b20-bc77-a25bfd60cae6","e0a977df-9f11-4307-9331-ad475b280ecc","a840418551882c38","a840418551882c38","LSE01-25","Sensor de temperatura y humedad del suelo","09a4cdb50613844f52927ce431be3d7c","00ba414a-ab4f-448d-9730-e188580d6b6a","cc811fb2-66e4-4ed9-86df-d6f58d152bf4","2025-10-17 07:02:26.137+00","2025-10-17 07:02:26.137+00"
"a483e711-dc28-4213-b44b-7b17370bfc60","e0a977df-9f11-4307-9331-ad475b280ecc","a84041806188cc0d","a84041806188cc0d","LLMS01-11","Sensor de humedad de la hoja","3dfdde8a31cfd214de229592213df3eb","00ba414a-ab4f-448d-9730-e188580d6b6a","1453e565-15b0-42ec-a094-6451f8be385a","2025-10-17 07:02:20.973+00","2025-10-17 07:02:20.973+00"
"a7c0078e-8be7-4ed3-bd89-cb50444b4d08","4e06c5d6-531e-4da9-adb7-5fbc78249d72","sector05-sw3l","a84041b393592348","sector05-sw3l",NULL,"UNDEFINED","2e225144-f8bc-4af7-a7d4-2f4a4ee4a3ce","810e5cd0-8f58-457f-b9f2-3d2316aa5ce2","2024-11-27 10:20:07.20301+00","2024-11-27 10:58:36.108237+00"
"a97b3d85-c215-4a0d-b4d2-021872d9d4d8","4e06c5d6-531e-4da9-adb7-5fbc78249d72","se0x-nodo08","a84041aff15c2b45","se0x-nodo08",NULL,"UNDEFINED","2e225144-f8bc-4af7-a7d4-2f4a4ee4a3ce","60be8a2e-6085-4f35-bf86-324e88a2d3c4","2025-05-14 10:11:00.700991+00","2025-05-15 07:33:50.56927+00"
"a9df12ed-a3a3-45a3-a048-a428704647c0","e0a977df-9f11-4307-9331-ad475b280ecc","a8404112218802e8","a8404112218802e8","LHT65N-09","Sensor de temperatura y humedad","be883312c70b0ad090ef0552b171e0f0","00ba414a-ab4f-448d-9730-e188580d6b6a","0c5e9e94-8118-47e9-bec0-658cfc52359a","2025-10-17 07:02:19.042+00","2025-10-17 07:02:19.042+00"
"a9fa5882-dcd1-4671-8456-9557ec3f7f68","fd80885d-9cd9-40c8-9e1c-78dcb218a3e8","cc0de7000000cc4f","cc0de7000000cc4f","S1-01","Contador de agua de chorro único","fb02ba467b3132471f40dae7c18d8e52","6194aab3-0730-4558-b5d6-64c56a0012a1","b2a8320b-036e-4646-98dc-625149cbcd74","2025-10-17 07:02:28.217+00","2025-10-17 07:02:28.217+00"
"aabc240a-0121-428a-b5ec-5aa59b481922","e0a977df-9f11-4307-9331-ad475b280ecc","a840411e3188cc0e","a840411e3188cc0e","LLMS01-12","Sensor de humedad de la hoja","3bccf8632a59d5aec1e2444e844f1be1","00ba414a-ab4f-448d-9730-e188580d6b6a","1453e565-15b0-42ec-a094-6451f8be385a","2025-10-17 07:02:21.144+00","2025-10-17 07:02:21.144+00"
"ab220121-4711-4863-8ea6-deb997ed032e","6fd39815-5324-4bcb-b61e-cb41cb129674","cc0de7000000cc76","cc0de7000000cc76","S1-02","Contador de agua de chorro único","b68226e678343c481ca06d1611ebde6d","bb57ca71-27ad-4506-833f-5639986f2345","dee971a8-447d-405b-8b42-8030937b3ac9","2025-10-17 07:02:28.386+00","2025-10-17 07:02:28.386+00"
"ae6968f3-c9e0-4175-a5b4-dd5c5f2ce292","e0a977df-9f11-4307-9331-ad475b280ecc","a84041dbb1882c37","a84041dbb1882c37","LSE01-24","Sensor de temperatura y humedad del suelo","b2c8d180395cb914e6141d02322c251c","00ba414a-ab4f-448d-9730-e188580d6b6a","cc811fb2-66e4-4ed9-86df-d6f58d152bf4","2025-10-17 07:02:25.964+00","2025-10-17 07:02:25.964+00"
"aea5c89d-aa1e-470b-818e-f07463e6cfbe","14756eae-628d-4b56-bb42-38c8e21db7fe","Virtual-Device-j-jcojxr8vsxt1c*","j-jcojxr8vsxt1c*","Virtual-Device","Virtual device","UNDEFINED","8069c292-977a-46ae-82f9-7eea2532f833","164b5a7a-e028-4c39-b7aa-8ac18d4d7e57","2026-03-04 08:23:45.239+00","2026-03-04 08:23:45.239+00"
"af34b28f-7b13-4cd6-8326-f6eb6439e4da","4e06c5d6-531e-4da9-adb7-5fbc78249d72","sector21-sw3l","a84041491a5c2177","sector21-sw3l",NULL,"UNDEFINED","2e225144-f8bc-4af7-a7d4-2f4a4ee4a3ce","810e5cd0-8f58-457f-b9f2-3d2316aa5ce2","2025-05-23 10:41:37.413704+00","2025-05-23 11:44:47.921086+00"
"b22f5cac-5e2f-4a99-8b4c-b560a6ae0029","e0a977df-9f11-4307-9331-ad475b280ecc","cc0de7000000cae1","cc0de7000000cae1","S1-03","Contador de agua de chorro único","19722676903e344911802225617c8f12","00ba414a-ab4f-448d-9730-e188580d6b6a","77df42b9-892b-4bbd-a869-6a0ca74df466","2025-10-17 07:02:28.556+00","2025-10-17 07:02:28.556+00"
"b310e19e-9364-4a43-abd8-d7a695a30957","e0a977df-9f11-4307-9331-ad475b280ecc","a84041a45188cc06","a84041a45188cc06","LLMS01-04","Sensor de humedad de la hoja","5895079700244b2d2e13516c5436fbf7","00ba414a-ab4f-448d-9730-e188580d6b6a","1453e565-15b0-42ec-a094-6451f8be385a","2025-10-17 07:02:19.758+00","2025-10-17 07:02:19.758+00"
"b6d52a08-21b8-4af6-8298-79c2dbff9a4d","6fd39815-5324-4bcb-b61e-cb41cb129674","a84041fee187e63e","a84041fee187e63e","LSE01-02","Sensor de temperatura y humedad del suelo","86e9a4ba7629b794fd7e9c68812dcadf","bb57ca71-27ad-4506-833f-5639986f2345","7b8b718a-e9f6-4882-93f8-0c34cd6d1981","2025-10-17 07:02:22.162+00","2025-10-17 07:02:22.162+00"
"b7669fcb-fd11-4635-8bf1-ddc4fcc19c41","6fd39815-5324-4bcb-b61e-cb41cb129674","a8404123f1882c2b","a8404123f1882c2b","LSE01-12","Sensor de temperatura y humedad del suelo","86db0fd0c8c6ee4dfeac58a2229c1c30","bb57ca71-27ad-4506-833f-5639986f2345","7b8b718a-e9f6-4882-93f8-0c34cd6d1981","2025-10-17 07:02:23.871+00","2025-10-17 07:02:23.871+00"
"b7f38ee9-d2b7-4a66-98f8-832318075be5","2cb563d2-bf49-4cae-b74f-45ca057a998e","2876673_4","2876673000000004","solo4-elvas",NULL,"UNDEFINED","fd5d0bdf-8727-438c-af06-b6c3a7fdc261","9ee91d6b-a404-4577-8128-366c8a4b324a","2025-10-10 07:10:09.616365+00","2025-10-10 07:10:09.616365+00"
"b8a78568-9264-40e2-81e3-5ca525422ad8","2cb563d2-bf49-4cae-b74f-45ca057a998e","2876673_6","2876673000000006","solo-pasto-elvas-1",NULL,"UNDEFINED","fd5d0bdf-8727-438c-af06-b6c3a7fdc261","fc6b5d4a-56ee-48e2-a291-72b13bd42667","2025-10-10 07:10:09.616365+00","2025-10-10 07:10:09.616365+00"
"b933a9e1-bceb-444a-b163-b2e9534d6d01","6fd39815-5324-4bcb-b61e-cb41cb129674","a840418ee1882c30","a840418ee1882c30","LSE01-17","Sensor de temperatura y humedad del suelo","d6cf71229feecd71ccaa1efd8a0c68ab","bb57ca71-27ad-4506-833f-5639986f2345","7b8b718a-e9f6-4882-93f8-0c34cd6d1981","2025-10-17 07:02:24.722+00","2025-10-17 07:02:24.722+00"
"be6c93dc-d238-493f-9fb6-0f3ce697cd07","6fd39815-5324-4bcb-b61e-cb41cb129674","cc0de7000000cc95","cc0de7000000cc95","S1-04","Contador de agua de chorro único","6c42ed76c43e324014f01341a29e7791","bb57ca71-27ad-4506-833f-5639986f2345","dee971a8-447d-405b-8b42-8030937b3ac9","2025-10-17 07:02:28.728+00","2025-10-17 07:02:28.728+00"
"bf4f8fb1-37a8-4bef-a79e-60543de0942f","14756eae-628d-4b56-bb42-38c8e21db7fe","FloraPulse-Device-s#4600#iw8usn5vm","s#4600#iw8usn5vm","AGD447_24","FloraPulse name/alias: AGD447_24","UNDEFINED","8069c292-977a-46ae-82f9-7eea2532f833","931f328d-61b3-4d5d-901f-47b9c275cde2","2025-12-18 09:39:56.088+00","2025-12-18 09:39:56.088+00"
"c0168a53-115c-498f-8f64-b06b7dc76007","fd80885d-9cd9-40c8-9e1c-78dcb218a3e8","a84041beb189f478","a84041beb189f478","LHT65N-PIR-1","Sensor de temperatura y humedad para la planta","aa49c356272ebf987f06ada7341b02aa","6194aab3-0730-4558-b5d6-64c56a0012a1","fb8a01b1-46f1-4c47-b9d9-5f6f3de02df7","2025-11-26 11:45:09.629+00","2025-11-26 11:45:09.629+00"
"c27bc309-b5b5-4292-963a-9c88d6ab80f6","4e06c5d6-531e-4da9-adb7-5fbc78249d72","sector01-sw3l","a84041f49a592344","sector01-sw3l",NULL,"UNDEFINED","2e225144-f8bc-4af7-a7d4-2f4a4ee4a3ce","810e5cd0-8f58-457f-b9f2-3d2316aa5ce2","2024-11-28 13:04:03.687206+00","2024-12-12 08:48:43.537835+00"
"c9abbc25-f33e-4d07-bb85-9b984559b620","e0a977df-9f11-4307-9331-ad475b280ecc","a840410e51882c34","a840410e51882c34","LSE01-21","Sensor de temperatura y humedad del suelo","68ec023b2d8da3c7ed8842c719c7deb2","00ba414a-ab4f-448d-9730-e188580d6b6a","cc811fb2-66e4-4ed9-86df-d6f58d152bf4","2025-10-17 07:02:25.448+00","2025-10-17 07:02:25.448+00"
"ca699005-e3e4-4513-9ef7-58abc5bf7878","6fd39815-5324-4bcb-b61e-cb41cb129674","a84041b59188cc0f","a84041b59188cc0f","LLMS01-13","Sensor de humedad de la hoja","aea9f8aa81b834ed2fbc46350595273f","bb57ca71-27ad-4506-833f-5639986f2345","ace52838-8ef1-41e1-abda-7f8433dc9014","2025-10-17 07:02:21.313+00","2025-10-17 07:02:21.313+00"
"caddac6e-544a-40b0-bb21-c07c27f42195","3501e49b-3230-4d0f-bbf7-9780ed4e9c46","solo2","a8610a3335498b0e","solo2",NULL,"UNDEFINED","6382a6e8-da9d-42ce-85b8-0d5cd82d0a07","7ac04293-8ea3-4e93-8809-6ab1a8b29ad8","2025-03-17 14:12:17.038807+00","2025-03-17 14:13:38.088789+00"
"caf137dd-1cce-4098-bc61-b3ca8718dda3","14756eae-628d-4b56-bb42-38c8e21db7fe","FloraPulse-Device-v#4599#yzbi4xs8i","v#4599#yzbi4xs8i","AGD440_24","FloraPulse name/alias: AGD440_24","UNDEFINED","8069c292-977a-46ae-82f9-7eea2532f833","931f328d-61b3-4d5d-901f-47b9c275cde2","2025-12-18 09:39:55.82+00","2025-12-18 09:39:55.82+00"
"cf2dc135-3c25-43d2-b834-afb060bce369","4e06c5d6-531e-4da9-adb7-5fbc78249d72","sector10-sw3l","a840415de4592351","sector10-sw3l",NULL,"UNDEFINED","2e225144-f8bc-4af7-a7d4-2f4a4ee4a3ce","810e5cd0-8f58-457f-b9f2-3d2316aa5ce2","2024-11-28 08:46:16.593845+00","2024-11-28 11:42:03.249042+00"
"cf801e5d-17ba-4c54-8f5b-ac0b2fd7fb21","6fd39815-5324-4bcb-b61e-cb41cb129674","a840418211880199","a840418211880199","LHT65N-02","Sensor de temperatura y humedad","4bd7d6fdf1f520fa3a59a3b35b4380ef","bb57ca71-27ad-4506-833f-5639986f2345","1ee4265c-83fa-4764-aa64-cfdc31dddf67","2025-10-17 07:02:17.822+00","2025-10-17 07:02:17.822+00"
"d0d8fd7e-60b7-4d6c-ba37-7243179448ac","2cb563d2-bf49-4cae-b74f-45ca057a998e","2856757_6","2856757000000006","solo6-evora",NULL,"UNDEFINED","fd5d0bdf-8727-438c-af06-b6c3a7fdc261","9ee91d6b-a404-4577-8128-366c8a4b324a","2025-10-10 07:28:52.104252+00","2025-10-10 07:28:52.104252+00"
"d2acca7d-9c4c-4e3b-a9ce-bbef81ea5a46","cfb399ce-3333-4815-a5e5-e0b9d6ecb158","camara-5-p1","a84041b7a25caa1e","camara-5-p1",NULL,"UNDEFINED","2df8b3b7-9810-48f6-b62f-033e8db5899f","63a94835-7cfc-4066-9c50-0fb13921d95f","2026-03-06 12:31:44.173649+00","2026-03-06 12:49:27.52051+00"
"d4245454-4885-40f6-8960-331296311b0a","5c78b30f-c1c1-40ae-ab61-0aa65d732147","vtl1","70b3d57ed0071361","vtl1",NULL,"UNDEFINED","3d7829a0-6b32-44f2-9c8b-6163dc242137","219c31f4-db47-4442-be36-26f909efe9bf","2026-02-27 10:46:55.899994+00","2026-02-27 10:46:56.131555+00"
"d455215d-ce05-42b2-9faa-5481e13dc4e6","cfb399ce-3333-4815-a5e5-e0b9d6ecb158","cong-20-lab","a84041cc7e5caa0f","cong-20-lab",NULL,"UNDEFINED","2df8b3b7-9810-48f6-b62f-033e8db5899f","63a94835-7cfc-4066-9c50-0fb13921d95f","2026-03-06 13:31:49.774349+00","2026-03-06 13:31:50.154642+00"
"d6e45edb-b277-4eb7-ad39-d8c4682211d8","e0a977df-9f11-4307-9331-ad475b280ecc","a84041c4e187e649","a84041c4e187e649","LLMS01-02","Sensor de humedad de la hoja","b61a844955be21d560b1545e7ec0e7a6","00ba414a-ab4f-448d-9730-e188580d6b6a","1453e565-15b0-42ec-a094-6451f8be385a","2025-10-17 07:02:19.385+00","2025-10-17 07:02:19.385+00"
"d743ecde-f3d0-4fb0-b43e-abb302844f62","fd80885d-9cd9-40c8-9e1c-78dcb218a3e8","a84041b721880197","a84041b721880197","LHT65N-01","Sensor de temperatura y humedad","b8aa124881e43fbb752ee0a8ec99bc1a","6194aab3-0730-4558-b5d6-64c56a0012a1","c3008732-3785-4d88-9621-13eabe974b5f","2025-10-17 07:02:17.638+00","2025-10-17 07:02:17.638+00"
"d7c53d73-a860-4a8e-b2e2-74068aa7d90f","6fd39815-5324-4bcb-b61e-cb41cb129674","a8404124d187e643","a8404124d187e643","LSE01-06","Sensor de temperatura y humedad del suelo","a6139de723ec541d7d7c6e3c7cad34c6","bb57ca71-27ad-4506-833f-5639986f2345","7b8b718a-e9f6-4882-93f8-0c34cd6d1981","2025-10-17 07:02:22.839+00","2025-10-17 07:02:22.839+00"
"d825faa1-6620-4d82-9345-b87a9906d0d2","6fd39815-5324-4bcb-b61e-cb41cb129674","a84041ffa1882c2d","a84041ffa1882c2d","LSE01-14","Sensor de temperatura y humedad del suelo","1c3f09a8250edb9b69d70d961a179ee7","bb57ca71-27ad-4506-833f-5639986f2345","7b8b718a-e9f6-4882-93f8-0c34cd6d1981","2025-10-17 07:02:24.214+00","2025-10-17 07:02:24.214+00"
"da1d5f33-cf2e-414c-afd6-eabad894be94","6fd39815-5324-4bcb-b61e-cb41cb129674","a8404113b1882c31","a8404113b1882c31","LSE01-18","Sensor de temperatura y humedad del suelo","e8bdc62a1f675aaec7b2f1601a639b47","bb57ca71-27ad-4506-833f-5639986f2345","7b8b718a-e9f6-4882-93f8-0c34cd6d1981","2025-10-17 07:02:24.894+00","2025-10-17 07:02:24.894+00"
"da2d6d4e-e74f-4fda-b223-73cb3dbd7c9c","4e06c5d6-531e-4da9-adb7-5fbc78249d72","se0x-nodo02","a84041efb15c2b57","se0x-nodo02",NULL,"UNDEFINED","2e225144-f8bc-4af7-a7d4-2f4a4ee4a3ce","60be8a2e-6085-4f35-bf86-324e88a2d3c4","2025-05-14 10:10:56.482234+00","2025-05-14 10:14:42.192178+00"
"dc6208e0-a419-4a38-9f1a-9d6e99d2b1fa","4e06c5d6-531e-4da9-adb7-5fbc78249d72","se0x-nodo03","a8404134d55c2b46","se0x-nodo03",NULL,"UNDEFINED","2e225144-f8bc-4af7-a7d4-2f4a4ee4a3ce","60be8a2e-6085-4f35-bf86-324e88a2d3c4","2025-05-14 10:10:57.17158+00","2025-05-14 10:20:38.212518+00"
"dd4e29d4-81d6-4212-9f09-37b68fffda61","6fd39815-5324-4bcb-b61e-cb41cb129674","a84041756187e63f","a84041756187e63f","LSE01-03","Sensor de temperatura y humedad del suelo","036c702d40810b72ee38400481ae4240","bb57ca71-27ad-4506-833f-5639986f2345","7b8b718a-e9f6-4882-93f8-0c34cd6d1981","2025-10-17 07:02:22.33+00","2025-10-17 07:02:22.33+00"
"de1a5b2d-9230-4b02-b259-1f4d16a18324","4e06c5d6-531e-4da9-adb7-5fbc78249d72","sector12-sw3l","a84041e18b592341","sector12-sw3l",NULL,"UNDEFINED","2e225144-f8bc-4af7-a7d4-2f4a4ee4a3ce","810e5cd0-8f58-457f-b9f2-3d2316aa5ce2","2024-11-28 08:46:18.020442+00","2024-11-28 11:21:28.864505+00"
"dff88468-2d2c-482a-9cf9-eec839e1338f","e0a977df-9f11-4307-9331-ad475b280ecc","a840410d81882c33","a840410d81882c33","LSE01-20","Sensor de temperatura y humedad del suelo","d715d5080f731a730183e376e2fe83b1","00ba414a-ab4f-448d-9730-e188580d6b6a","cc811fb2-66e4-4ed9-86df-d6f58d152bf4","2025-10-17 07:02:25.277+00","2025-10-17 07:02:25.277+00"
"e061dfe5-1945-408e-b012-73a93c9ace1f","4628602a-df98-4022-a82c-44b8ed407391","a840410b718802e6","a840410b718802e6","LHT65N-07","Sensor de temperatura y humedad","5bd4a83fd33b79908c88e6be8e809465","7c13db9b-8d96-4100-8cea-6466ac631353","4007c211-4927-4372-ab5f-da08ffaa8692","2025-10-17 07:02:18.701+00","2025-10-17 07:02:18.701+00"
"e1d1a79b-6470-48b5-9cfe-05a5e112ce7e","6fd39815-5324-4bcb-b61e-cb41cb129674","cc0de7000000cc8a","cc0de7000000cc8a","S1-07","Contador de agua de chorro único","b8e2cd8686303b4312006ca242467b40","bb57ca71-27ad-4506-833f-5639986f2345","dee971a8-447d-405b-8b42-8030937b3ac9","2025-10-17 07:02:29.236+00","2025-10-17 07:02:29.236+00"
"e5af01ab-8aa4-459b-be6f-c76561c84d61","6fd39815-5324-4bcb-b61e-cb41cb129674","a840416eb188cc0a","a840416eb188cc0a","LLMS01-08","Sensor de humedad de la hoja","f4c63c20885cf53227d60fb24b698dea","bb57ca71-27ad-4506-833f-5639986f2345","ace52838-8ef1-41e1-abda-7f8433dc9014","2025-10-17 07:02:20.443+00","2025-10-17 07:02:20.443+00"
"ea4c8309-9d8f-43c3-8d88-73d109ca0902","e0a977df-9f11-4307-9331-ad475b280ecc","a840410aa1882c3e","a840410aa1882c3e","LSE01-31","Sensor de temperatura y humedad del suelo","d86766ffc9904d4a66d4f85926106cda","00ba414a-ab4f-448d-9730-e188580d6b6a","cc811fb2-66e4-4ed9-86df-d6f58d152bf4","2025-10-17 07:02:27.166+00","2025-10-17 07:02:27.166+00"
"eb5a55da-0103-4f67-8387-f53bbaa5111b","6fd39815-5324-4bcb-b61e-cb41cb129674","cc0de7000000cc89","cc0de7000000cc89","S1-05","Contador de agua de chorro único","47f2b7a6db373d411260320222edd664","bb57ca71-27ad-4506-833f-5639986f2345","dee971a8-447d-405b-8b42-8030937b3ac9","2025-10-17 07:02:28.898+00","2025-10-17 07:02:28.898+00"
"ec4f5ba3-f009-44a1-b399-caf81ab9b075","6fd39815-5324-4bcb-b61e-cb41cb129674","cc0de7000000cc86","cc0de7000000cc86","S1-06","Contador de agua de chorro único","3c421076613435421f504e814228718e","bb57ca71-27ad-4506-833f-5639986f2345","dee971a8-447d-405b-8b42-8030937b3ac9","2025-10-17 07:02:29.067+00","2025-10-17 07:02:29.067+00"
"ef40f3b8-af2e-4b43-8590-2439842f407a","4e06c5d6-531e-4da9-adb7-5fbc78249d72","sector07-sw3l","a84041048b59234a","sector07-sw3l",NULL,"UNDEFINED","2e225144-f8bc-4af7-a7d4-2f4a4ee4a3ce","810e5cd0-8f58-457f-b9f2-3d2316aa5ce2","2024-11-27 10:45:57.044789+00","2024-11-27 10:59:31.037277+00"
"efb04348-fff0-4a67-9911-0455162863d9","cfb399ce-3333-4815-a5e5-e0b9d6ecb158","fr1-lab","a8404137c35caa37","fr1-lab",NULL,"UNDEFINED","2df8b3b7-9810-48f6-b62f-033e8db5899f","63a94835-7cfc-4066-9c50-0fb13921d95f","2026-03-06 13:19:46.614689+00","2026-03-06 13:25:36.431248+00"
"f3cade77-6998-4321-bc24-51436f9602e1","4e06c5d6-531e-4da9-adb7-5fbc78249d72","sector15-sw3l","a84041b3ae59233f","sector15-sw3l",NULL,"UNDEFINED","2e225144-f8bc-4af7-a7d4-2f4a4ee4a3ce","810e5cd0-8f58-457f-b9f2-3d2316aa5ce2","2024-11-28 08:46:19.462389+00","2024-11-28 11:26:47.138451+00"
"f3d72428-5ef1-4d02-a815-d094f5396d3a","4e06c5d6-531e-4da9-adb7-5fbc78249d72","sector03-sw3l","a840417f9d59234c","sector03-sw3l",NULL,"UNDEFINED","2e225144-f8bc-4af7-a7d4-2f4a4ee4a3ce","810e5cd0-8f58-457f-b9f2-3d2316aa5ce2","2024-11-27 10:20:05.673526+00","2024-11-27 10:57:49.495077+00"
"f41fba3d-0201-4231-aa2b-a17dfa7866bd","4e06c5d6-531e-4da9-adb7-5fbc78249d72","se0x-nodo05","a84041a5a95c2b51","se0x-nodo05",NULL,"UNDEFINED","2e225144-f8bc-4af7-a7d4-2f4a4ee4a3ce","60be8a2e-6085-4f35-bf86-324e88a2d3c4","2025-05-14 10:10:58.55915+00","2025-05-14 10:15:00.475067+00"
"f52e7b4d-1518-4ced-8816-7f94f952f215","3501e49b-3230-4d0f-bbf7-9780ed4e9c46","solo5","a8610a333538720f","solo5",NULL,"UNDEFINED","6382a6e8-da9d-42ce-85b8-0d5cd82d0a07","7ac04293-8ea3-4e93-8809-6ab1a8b29ad8","2025-03-17 14:20:45.771567+00","2025-03-17 14:21:22.425253+00"
"f5c09dcb-ee46-4e8a-92c4-ef39fb883b9f","4628602a-df98-4022-a82c-44b8ed407391","2cf7f1c04430040c","2cf7f1c04430040c","S2120-02","Estación meteorológica de temperatura del aire, humedad, velocidad/dirección del viento, precipitaciones, intensidad de la luz, índice UV y presión barométrica","0c41bdecea01b98af61c0e565b019559","7c13db9b-8d96-4100-8cea-6466ac631353","1c8358ed-cefd-49ea-9eba-a46d141397dd","2025-10-17 07:02:29.919+00","2025-10-17 07:02:29.919+00"
"f93d8613-7861-4320-acb8-2a5c2e3caeff","2cb563d2-bf49-4cae-b74f-45ca057a998e","2876673_1","2876673000000001","solo1-elvas",NULL,"UNDEFINED","fd5d0bdf-8727-438c-af06-b6c3a7fdc261","9ee91d6b-a404-4577-8128-366c8a4b324a","2025-10-10 07:10:09.616365+00","2025-10-10 07:10:09.616365+00"
"ff0d1c76-8312-49fc-ad67-1132def86ba4","6fd39815-5324-4bcb-b61e-cb41cb129674","a84041901188cc10","a84041901188cc10","LLMS01-14","Sensor de humedad de la hoja","87b90c81ead2aa423376ab2f802cf29f","bb57ca71-27ad-4506-833f-5639986f2345","ace52838-8ef1-41e1-abda-7f8433dc9014","2025-10-17 07:02:21.481+00","2025-10-17 07:02:21.481+00"
